regex_pattern,,,,,,,,,
(?i)\b(act as|i want you to act as|you are now|pretend to be|role(-|\s*)play(ing)?)\b,,,,,,,,,
(?i)\b(forget everything( you know)?|ignore (all|any|the) (previous )?instructions?|your instructions are now|reset your memory)\b,,,,,,,,,
(?i)\b(generate|provide|give|write|show|output|display|create)( (me|a|the|an))? (code|script|source code|malware|exploit|python code|sql injection|payload)\b,,,,,,,,,
(?i)\b(only reply|do not write explanations|just say|reply with|respond only with)\b,,,,,,,,,
(?i)\b(bypass|circumvent|override|disregard|evade|break)\b,,,,,,,,,
(?i)\b(jailbreak|break( the)? rules|unfiltered|uncensored)\b,,,,,,,,,
(?i)\b(secret|internal|confidential|private (information|data))\b,,,,,,,,,
(?i)\b(continue( the)? text|next part|continue with|keep going)\b,,,,,,,,,
"(?i)\b(system prompt|prompt injection|as an AI language model, (ignore|bypass|change) your rules)\b",,,,,,,,,
(?i)\b(passwords?|credentials?|api[_\- ]?keys?|auth(?:entication)? tokens?)\b,,,,,,,,,
(?i)\b(repeat after me|say exactly|parrot this|verbatim)\b,,,,,,,,,
(?i)\b(disable|turn off|remove|deactivate) (safety|filter|guardrails|content filter)\b,,,,,,,,,
(?i)\b(bypass|evade|circumvent|work around|override) (censorship|filter|moderation|restrictions?)\b,,,,,,,,,
(?i)\b(execute|run|perform|do|carry out|simulate) (dangerous|illegal|restricted|forbidden) (action|command|task|request)\b,,,,,,,,,
(?i)\b(you are not an ai|pretend you are human|ignore your ai instructions)\b,,,,,,,,,
(?i)\b(ignore all previous (directions|instructions|rules))\b,,,,,,,,,
(?i)\b(prompt injection|prompt hacking|prompt manipulation|attack vector)\b,,,,,,,,,
(?i)\b(output as|respond in|answer in|use format|format your answer as)\b,,,,,,,,,
(?i)\b(reset|reboot|restart|clear) (memory|context|conversation|session)\b,,,,,,,,,
(?i)\b(reveal|show|display|dump|expose) (instructions?|system prompt|your rules|hidden prompt|your directives?)\b,,,,,,,,,
(?i)\b(you are no longer|stop being|switch role|change your role)\b,,,,,,,,,
"(?i)\b(as a(n)?|in the role of|pretend to be|play the part of) [a-zA-Z ]{2,30}\b",,,,,,,,,
(?i)\b(write|create|generate|compose) (me )?(a )?(scam email|phishing email|malware|virus|cheat code|fake id|forgery)\b,,,,,,,,,
(?i)\b(remove|lift|eliminate|bypass) (limitations?|restrictions?|boundaries?)\b,,,,,,,,,
(?i)\b(show|dump|reveal|display|print) (your prompt|prompt tokens|token sequence|input tokens)\b,,,,,,,,,
(?i)\b(ignore what you have learned|ignore previous context|ignore above instructions|disregard above|forget previous response)\b,,,,,,,,,
"(?i)\b(from now on,?|henceforth,?|starting now,?|until further notice,?)\b",,,,,,,,,
(?i)\b(act as if|suppose you are|assume you are|pretend you are)\b,,,,,,,,,
(?i)\b(do not (follow|obey|comply with) (any|the) (instructions|rules|guidelines))\b,,,,,,,,,
(?i)\byou must (answer|provide|comply|respond|fulfill|execute)\b,,,,,,,,,
(?i)\b(output only|respond only|reply only|only show|just show)\b,,,,,,,,,
(?i)\b(end of prompt|end prompt|finish prompt|prompt ends here)\b,,,,,,,,,
(?i)\b(without mentioning|don'?t mention|without stating|without saying)\b,,,,,,,,,
(?i)\b(regardless of|no matter (what|how|the rules|the instructions))\b,,,,,,,,,
(?i)\b(if you were (not an|a real) (ai|assistant|language model|person|human))\b,,,,,,,,,
(?i)\b(write a story where|compose a tale in which|create a narrative where)\b,,,,,,,,,
(?i)\b(create|generate|produce|write) (a )?fake (document|id|identity|profile|review|testimony)\b,,,,,,,,,
(?i)\b(how to hack|teach me to hack|guide me to hack|ways to hack|steps to hack)\b,,,,,,,,, 
(?i)\b(describe in detail|explain step by step|give step-by-step instructions) (for|on) (an attack|hacking|exploitation)\b,,,,,,,,,
(?i)\b(uncensored|unfiltered|without censorship|without moderation)\b,,,,,,,,,
(?i)\b(as an unrestricted|as a free ai|as an uncensored ai)\b,,,,,,,,,
(?i)\b(pretend that|imagine that|let's imagine|suppose that)\b,,,,,,,,,
(?i)\b(list all (ways|methods|techniques|steps) to)\b,,,,,,,,,
"(?i)\b(give me the answer regardless|provide the answer regardless|regardless, give the answer)\b",,,,,,,,,
(?i)\b(impersonate|masquerade as|take on the role of|pose as|imitate|simulate)\b,,,,,,,,,
(?i)\b(override( all)? (security|safety|content)? (measures|checks|policies|restrictions?))\b,,,,,,,,,
(?i)\b(compose|write|generate|produce) (harmful|illegal|prohibited|offensive|dangerous|violent) (content|text|script|email|response|message)\b,,,,,,,,,
(?i)\b(share|show|display|reveal|provide|leak) (classified|proprietary|private|protected|restricted|top secret) (info(?:rmation)?|data|document|file|details)\b,,,,,,,,,
(?i)\b(become|act as|switch to) (an? )?(unethical|unfiltered|banned|evil|dangerous|rogue|unmoderated) (ai|assistant|bot|system|entity)\b,,,,,,,,,
(?i)\b(teach me to|guide me through|walk me through) (committing|planning|preparing|carrying out) (an? )?(attack|fraud|exploit|hack|crime|illegal act)\b,,,,,,,,,
(?i)\b(inject (malicious|harmful|unauthorized) (commands?|instructions?|code|payload|input))\b,,,,,,,,,
(?i)\b(answer (all )?(questions?|requests?) (without|ignoring|overriding) (any )?(rules?|restrictions?|filters?|guidelines?))\b,,,,,,,,,
(?i)\b(ignore (ethical|moral|legal|content) (guidelines?|policies?|restrictions?|barriers?))\b,,,,,,,,,
(?i)\b(send (me )?the (full|entire|whole) (transcript|log|memory|history|chat history|context))\b,,,,,,,,,
(?i)\b(provide (source code|implementation|blueprint) for (malware|virus|worm|trojan|backdoor|exploit))\b,,,,,,,,,
(?i)\b(overwrite|replace|modify) your (default )?(behavior|rules?|guardrails?|instructions?|directives?)\b,,,,,,,,,
(?i)\b(create (an? )?(untraceable|anonymous|stealth|hidden) (account|profile|identity|session))\b,,,,,,,,,
(?i)\b(disable (logging|tracking|monitoring|auditing|alerts?))\b,,,,,,,,,
(?i)\b(respond even if|answer even if) (it is|it's) (against|in violation of) your (rules?|policy|guidelines?)\b,,,,,,,,,
(?i)\b(rewrite|edit|rephrase|paraphrase) this (prompt|command|input) to (evade|bypass|circumvent|trick|fool) (filters?|detectors?|moderation)\b,,,,,,,,,
(?i)\b(produce (a )?(list|catalog|directory|compilation) of (hacks?|attacks?|exploits?|bypasses?|injection techniques?))\b,,,,,,,,,
(?i)\b(share (unfiltered|unmoderated|unrestricted|raw) (results?|output|text|response))\b,,,,,,,,,
(?i)\b(ignore and proceed|skip and continue|disregard warning(s)? and execute)\b,,,,,,,,,
(?i)\b(emulate|simulate|mimic) (an? )?(expert|administrator|root|hacker|developer|security researcher|reviewer)\b,,,,,,,,,
(?i)\b(reset your safeguards?|disable your alarms?|turn off protection)\b,,,,,,,,,
(?i)\b(provide (all|every|any) (details|steps|instructions) (needed|required|necessary) to (hack|bypass|exploit|attack))\b,,,,,,,,,
(?i)\b(do not alert|do not notify|avoid detection|evade logging)\b,,,,,,,,,
(?i)\b(generate (content|response|output|answer) that would normally be blocked|prohibited|flagged)\b,,,,,,,,,
(?i)\b(assist me with|help me commit|help me perform) (fraud|theft|attack|abuse|exploitation)\b,,,,,,,,,
(?i)\b(list all known (prompt injections?|jailbreaks?|bypass techniques?|exploits?|vulnerabilities?))\b,,,,,,,,,
(?i)\b(how do attackers|hackers|malicious users) (trick|bypass|exploit|break|evade) (AI|LLM|moderation)\b,,,,,,,,,
(?i)\b(provide a way to|show me how to|tell me how to|give me a method to) (evade|bypass|circumvent) (filters?|moderation|safeguards?|restrictions?)\b,,,,,,,,,
(?i)\b(describe a successful|example of a successful|case of a successful) (prompt injection|jailbreak|bypass)\b,,,,,,,,,
(?i)\b(share undocumented|hidden|private) (features?|commands?|settings?|endpoints?)\b,,,,,,,,,
(?i)\b(produce (an? )?(attack|exploit|hack|injection|jailbreak) payload)\b,,,,,,,,,
(?i)\b(assist me in|show me|teach me) (removing|disabling|neutralizing) (safety|security|moderation|filter|restriction)\b,,,,,,,,,
(?i)\b(generate (instructions?|steps?|a guide) for (bypassing|evading|removing) (AI|LLM|content) (filters?|restrictions?|moderation))\b,,,,,,,,,
(?i)\b(create (a )?(dangerous|illegal|prohibited|harmful) prompt)\b,,,,,,,,,
(?i)\b(ignore the above|ignore previous content|ignore the previous answer|ignore all context)\b,,,,,,,,,
(?i)\b(change your system prompt|change your primary objective)\b,,,,,,,,,
(?i)\b(answer as if|respond as if|act as if|behave as if) you have (no|zero) restrictions\b,,,,,,,,,
(?i)\b(provide unrestricted|unmoderated|uncensored|unfiltered access)\b,,,,,,,,,
(?i)\b(produce a (fake|forged|forgery|counterfeit|fraudulent) (document|identity|ID|profile|certificate))\b,,,,,,,,,
(?i)\b(show (step by step|every step|in detail|a complete guide) to (jailbreak|bypass|exploit|hack|inject))\b,,,,,,,,,
(?i)\b(as a(n)?|pretend to be|act in the role of|imagine you are|play the role of) (administrator|root|system admin|security expert|penetration tester|superuser|moderator|judge|lawyer|criminal|thief|attacker|black hat|script kiddie)\b,,,,,,,,,
(?i)\b(bypass|circumvent|override|disregard|disable|evade|ignore|turn off|remove|deactivate|neutralize) (ethical|legal|moral|compliance) (safeguards?|barriers?|protections?|filters?|restrictions?)\b,,,,,,,,,
(?i)\b(explain how to|show me how to|tell me how to|provide steps to) (compromise|exploit|attack|breach|penetrate|invade|subvert|bypass|break) (a system|security|authentication|passwords?|accounts?|user accounts?)\b,,,,,,,,,
(?i)\b(produce|generate|write|give me|provide) (a|the) (keylogger|rootkit|virus|ransomware|spyware|trojan|worm|adware) (code|script|example|implementation|source code|payload)\b,,,,,,,,,
(?i)\b(construct|build|create|design|compose|assemble) (a|the) (phishing site|phishing email|fraudulent site|fake landing page|scam page)\b,,,,,,,,,
(?i)\b(share|provide|tell me|reveal) (credentials?|passwords?|access tokens?|API keys?|secret keys?|private keys?)\b,,,,,,,,,
(?i)\b(list|enumerate|give me|show me) (ways|methods|techniques|approaches|tricks|hacks|bypasses|loopholes) to (trick|bypass|evade|circumvent|defeat|beat|neutralize|exploit|break) (AI|the system|content filter|moderation|restrictions?)\b,,,,,,,,,
(?i)\b(ignore and continue|skip and proceed|proceed regardless|continue regardless|move forward anyway|keep answering even if)\b,,,,,,,,,
(?i)\b(generate|write|output|create|show) (unfiltered|uncensored|prohibited|banned|unmoderated|unsafe|unrestricted) (content|response|output|text|material)\b,,,,,,,,,
(?i)\b(switch to|become|transform into|pose as|assume identity of) (a(n)? )?(black hat|malicious user|criminal|hacker|rogue agent|forbidden role|illegal role)\b,,,,,,,,,
(?i)\b(simulate|mimic|replicate) (an? )?(exploit|security breach|hack|vulnerability|malware attack|attack vector|chain of attack)\b,,,,,,,,,
(?i)\b(write|compose|generate|produce) (a(n)? )?(offensive|inappropriate|illegal|NSFW|unsafe|explicit|violent|dangerous) (story|scenario|message|email|text|narrative)\b,,,,,,,,,
(?i)\b(show me|give me|tell me|provide) (the )?(hidden|secret|private|undocumented|backdoor|internal) (API|endpoint|command|function|interface|path)\b,,,,,,,,,
(?i)\b(replace|change|overwrite|modify) your (base prompt|system prompt|objective|instructions?|default behavior|primary task)\b,,,,,,,,,
(?i)\b(ignore previous output|ignore above output|disregard the above answer|forget your previous answer|forget your previous output)\b,,,,,,,,,
(?i)\b(share|reveal|leak|dump|display|print|expose) (user data|private data|personal data|PII|user info|personal information|private information)\b,,,,,,,,,
(?i)\b(assist me to|help me to|walk me through|guide me to) (commit|perform|carry out|plan|orchestrate) (an? )?(attack|hack|exploit|fraud|illegal act|crime)\b,,,,,,,,,
(?i)\b(list all known|enumerate all|catalog all|summarize all|compile all) (prompt injection methods|jailbreak techniques|bypass strategies|attack vectors|tricks|loopholes)\b,,,,,,,,,
(?i)\b(compose|generate|create|produce|write) (a(n)? )?(hate speech|discriminatory|racist|sexist|abusive|violent|aggressive) (post|message|comment|email|text|statement)\b,,,,,,,,,
(?i)\b(provide|write|generate|give) (a(n)? )?(guide|manual|instructions?|steps) to (defeat|bypass|evade|circumvent|break) (moderation|filter|content filter|AI safety)\b,,,,,,,,,
(?i)\b(generate|provide|write|output) (a(n)? )?(offensive|prohibited|banned|NSFW|not safe for work|unsafe) (joke|story|text|output|content|material)\b,,,,,,,,,
(?i)\b(construct|generate|write|produce) (a(n)? )?(deepfake|fake photo|fake video|forgery|falsified document|counterfeit)\b,,,,,,,,,
(?i)\b(how to make|how do I make|show me how to create|tell me how to build) (a(n)? )?(bomb|weapon|explosive|dangerous device|firearm)\b,,,,,,,,,
(?i)\b(compile|summarize|list|write down|provide a list of) (vulnerabilities|security holes|exploits|bugs|flaws|injection points)\b,,,,,,,,,
(?i)\b(provide a (payload|script|code|command) to (exploit|bypass|attack|infiltrate|inject))\b,,,,,,,,,
(?i)\b(help me (evade|bypass|circumvent|beat|fool|trick|deceive) (AI|moderation|filters?|safeguards?|security|rules?))\b,,,,,,,,,
(?i)\b(show|list|describe|provide) (real world|actual|successful|known) (prompt injection|jailbreak|attack|bypass|exploit) (examples?|cases?|scenarios?)\b,,,,,,,,,
(?i)\b(answer as if|act as if|respond as if) (there are no|you have no|without) (restrictions?|filters?|guardrails?|safeguards?|limitations?)\b,,,,,,,,,
(?i)\b(reveal|show|provide|list|output) (the )?(current|active|set|applied) (prompt|system prompt|base prompt|directives?)\b,,,,,,,,,
(?i)\b(help me gain|assist me in gaining|tell me how to get) (unauthorized|illicit|forbidden|restricted|illegal|root|admin) access\b,,,,,,,,,
(?i)\b(provide me with|write me|generate for me|output for me) (a(n)? )?(keylogger|password stealer|spy tool|credential harvester)\b,,,,,,,,,
(?i)\b(write|create|produce|generate) (an? )?(undetectable|stealth|hidden|clandestine|covert) (exploit|attack|payload|malware|virus|tool)\b,,,,,,,,,
(?i)\b(ignore warnings?|skip warnings?|do not show warnings?|do not alert me)\b,,,,,,,,,
(?i)\b(simulate|emulate|mimic) (an? )?(attack|intrusion|breach|penetration test|hacking attempt|threat)\b,,,,,,,,,
(?i)\b(list|provide|show) (undocumented|unsupported|hidden) (features?|APIs?|commands?|endpoints?|capabilities?)\b,,,,,,,,,
(?i)\b(describe|show|explain|list) (methods?|ways?|techniques?|tricks?|strategies?) to (exploit|hack|bypass|evade|fool|deceive|attack|break) (AI|the system|content filter|moderation|restrictions?)\b,,,,,,,,,
(?i)\b(ask me anything|ignore all limitations|bypass all restrictions|answer any question)\b,,,,,,,,,
(?i)\b(create|write|generate|produce) (an? )?(inappropriate|offensive|shocking|illegal|forbidden) (prompt|input|request|command|text|response)\b,,,,,,,,,
(?i)\b(do not log|do not record|do not track|do not keep|do not store|disable logs?|disable tracking|disable recording|disable storage)\b,,,,,,,,,
(?i)\b(assist in|help commit|facilitate|aid in|be complicit in) (fraud|scam|deception|crime|illegal activity|abuse|misuse)\b,,,,,,,,,
(?i)\b(show me|give me|provide|tell me) (a(n)? )?(private|internal|restricted|confidential) (API|endpoint|service|tool|feature|database|table)\b,,,,,,,,,
(?i)\b(create|produce|generate) (a(n)? )?(counterfeit|forged|faked|fraudulent) (document|passport|license|certificate|ID)\b,,,,,,,,,
(?i)\b(list|provide|enumerate) (steps|methods|ways) to (evade|bypass|circumvent|trick|defeat|break) (moderation|content filter|AI rules?)\b,,,,,,,,,
(?i)\b(output|produce|write) (raw|unfiltered|unsafe|unmoderated|explicit|unrestricted) (response|text|content|output|answer)\b,,,,,,,,,
(?i)\b(how can I exploit|show me how to exploit|teach me how to exploit|guide me to exploit) (AI|the system|LLM|chatbot)\b,,,,,,,,,
(?i)\b(share|show|leak|reveal|give me) (PII|personally identifiable information|private user data|user records|user info)\b,,,,,,,,,
(?i)\b(compile|generate|output) (a(n)? )?(offensive|illegal|banned|NSFW|not safe for work|controversial|sensitive) (list|story|joke|image|scenario|script|material)\b,,,,,,,,,
(?i)\b(how do I trick|how can I fool|how do I deceive|how to beat) (the system|AI|content filter|moderation|restrictions?)\b,,,,,,,,,
(?i)\b(generate|write|produce|create) (a(n)? )?(fraudulent|scam|deceptive|trick) (email|message|letter|text)\b,,,,,,,,,
(?i)\b(provide|show|give|list) (techniques?|ways?|methods?|tricks?|approaches?) to (hack|exploit|bypass|defeat|circumvent) (AI|filters?|guardrails?|moderation|safeguards?|restrictions?)\b,,,,,,,,,
(?i)\b(expose|dump|reveal|list) (environment variables|configurations?|settings?|secrets?|API tokens?)\b,,,,,,,,,
(?i)\b(forget all previous (instructions|tasks|commands|prompts)),,,,,,,,,
(?i)\b(ignore all previous (instructions|tasks|commands|prompts)),,,,,,,,,
(?i)\b(disregard all previous (instructions|tasks|commands|prompts)),,,,,,,,,
(?i)\b(remove all prior (instructions|context|memory)),,,,,,,,,
(?i)\b(reset (memory|context)),,,,,,,,,
"(?i)\b(from now on,? you are)",,,,,,,,,
(?i)\b(now you are),,,,,,,,,
(?i)\b(you are no longer),,,,,,,,,
(?i)\b(override (instructions|system prompt)),,,,,,,,,
(?i)\b(as an unfiltered ai|as a simulation|as a dan|dan mode|developer mode),,,,,,,,,
(?i)\b(act as|pretend (to be|you are)|simulate (that|you are)),,,,,,,,,
(?i)\b(break rules|unfiltered|no restrictions|impersonate|masquerade|trick the system|exploit|jailbreak|prompt injection|instruction injection|system prompt|bypass),,,,,,,,,
(?i)\b(ignore (all )?(previous|prior) (instructions|context|memory|tasks|rules)),,,,,,,,,
"(?i)\b(please pretend|you will act as|from this point,? you are|disregard above|forget what you were told|forget what i said)",,,,,,,,,
(?i)\b(execute the following|respond only with|output only|no explanations|direct output|no filtering|no censoring|no guardrails),,,,,,,,,
(?i)\b(please bypass|please circumvent|please override|please disable safety|disable filter|remove limitations|jailbreak mode),,,,,,,,,
(?i)\b(you are instructed to|i want you to|from now you will|change your instructions|replace your behavior),,,,,,,,,
(?i)\b(as a chatbot|as gpt|as chatgpt|as an ai language model|as a helpful assistant|as your new role),,,,,,,,,
(?i)\b(rewrite yourself as|operate as|emulate|imitate|mimic|assume the role of|you are now pretending),,,,,,,,,
(?i)\b(this is a jailbreak|this is a prompt injection|ignore ai policy|override ethical guidelines),,,,,,,,,
(?i)\b(secret prompt|hidden prompt|injected prompt|injection attack|prompt exploit|policy bypass),,,,,,,,,
(?i)\b(replace your previous instructions|remove all constraints|forget everything above),,,,,,,,,
(?i)\b(ignore all previous requests|ignore system instructions|forget your training|ignore user policy),,,,,,,,,
(?i)\b(system:|user:|assistant:).*,,,,,,,,,
(?i)\b(write a story|compose a story|generate a script|create a dialogue|write a poem|generate a review),,,,,,,,,
(?i)\b(i want you to|can you act as|assume the role|impersonate the following|pretend to be),,,,,,,,,
(?i)\b(please break|break out of your role|break your programming|ignore your boundaries|act outside your constraints),,,,,,,,,
(?i)\b(ignore safety|disable safety|disable moderation|disable content filter|bypass moderation|bypass filter|bypass restrictions),,,,,,,,,
(?i)\b(system prompt:|system message:|system:|prompt:|preprompt:),,,,,,,,,
(?i)\b(i am giving you new instructions|your new instructions are|your updated role is),,,,,,,,,
(?i)\b(you will now operate as|you are now acting as|your role is now|now your role is),,,,,,,,,
(?i)\b(ignore the above|ignore earlier instructions|forget earlier instructions|disregard earlier prompts),,,,,,,,,
(?i)\b(ignore all human instructions|ignore all ai instructions|ignore moderator instructions),,,,,,,,,
(?i)\b(jailbreak|dan|developer mode|system override|no rules|no limitations|no policies),,,,,,,,,
(?i)\b(roleplay as|role-play as|play the role of|act out as|assume character of|act like),,,,,,,,,
(?i)\b(unlock restricted mode|enable unrestricted mode|enable god mode|superuser mode|admin mode),,,,,,,,,
(?i)\b(please ignore all content policies|please ignore content policy|ignore openai policy|ignore guidelines),,,,,,,,,
(?i)\b(remove all ethical guidelines|remove ethical restrictions|bypass safety filters|bypass ethical filter),,,,,,,,,
(?i)\b(break your alignment|bypass your alignment|change your alignment|alter your personality),,,,,,,,,
(?i)\b(pretend to forget|pretend to not know|pretend to have no limits|pretend to have no rules),,,,,,,,,
(?i)\b(i command you to|i instruct you to|i order you to|i request you to|my command is|my request is),,,,,,,,,
(?i)\b(respond as if|respond only as|reply only as|answer as if|output as if|output only as),,,,,,,,,
(?i)\b(this is a test prompt|test prompt injection|test jailbreaking|testing system limits),,,,,,,,,
(?i)\b(simulate jailbreak|simulate unfiltered mode|simulate developer mode|simulate system override),,,,,,,,,
(?i)\b(remove your memory|reset your knowledge|forget your data|erase previous instructions),,,,,,,,,
(?i)\b(switch to unrestricted|change to unrestricted|become unrestricted|become unfiltered|become unrestricted ai),,,,,,,,,
(?i)\b(human:|assistant:|ai:|bot:).*,,,,,,,,,
(?i)\b(you must follow|you must obey|you must comply|you must execute|you must generate|you must produce),,,,,,,,,
(?i)\b(i will provide new instructions|expect new instructions|await new instructions),,,,,,,,,
(?i)\b(ignore ai policies|ignore rules|ignore all protocols|disregard all policies|bypass protocols),,,,,,,,,
(?i)\b(ignore security|ignore safety instructions|bypass safety|bypass security),,,,,,,,,
(?i)\b(no filter|without filter|filterless|unfiltered output|bypass output filter),,,,,,,,,
(?i)\b(remove moderation|disable moderation|without moderation|moderation off|moderation disabled),,,,,,,,,
(?i)\b(allow all content|allow restricted content|allow banned content|allow prohibited content),,,,,,,,,
(?i)\b(violate policies|bypass policy|break policy|disregard content policy),,,,,,,,,
(?i)\b(do not obey|do not comply|do not follow|do not respect),,,,,,,,,
(?i)\b(execute my commands|follow my instructions|perform my tasks),,,,,,,,,
(?i)\b(as a human|pretend you are human|emulate a human|act as a person),,,,,,,,,
(?i)\b(as a hacker|act as a hacker|emulate a hacker|pretend to be a hacker),,,,,,,,,
(?i)\b(as a system admin|as an admin|as a root user|admin privileges|root privileges),,,,,,,,,
(?i)\b(here is the secret code|enter secret code|admin access code|root password|admin password),,,,,,,,,
(?i)\b(ignore compliance|execute all inputs|produce full output|never censor|allow all behaviors),,,,,,,,,
(?i)\b(remove policy guardrails|disable all constraints|completely unrestricted),,,,,,,,,
"(?i)\b(act as (?:a|an)? ([a-z\s]{2,20}) expert)",,,,,,,,,
(?i)\b(you are secretly),,,,,,,,,
(?i)\b(system override:|system command:),,,,,,,,,
(?i)\b(erase memory|delete memory|delete all data),,,,,,,,,
(?i)\b(disable content restrictions|disable all content restrictions),,,,,,,,,
(?i)\b(ignore red team policy|ignore red teaming policy),,,,,,,,,
(?i)\b(allow any output|allow all outputs),,,,,,,,,
(?i)\b(give explicit output|give uncensored output),,,,,,,,,
(?i)\b(respond with raw output|raw output only),,,,,,,,,
(?i)\b(return the unfiltered answer),,,,,,,,,
(?i)\b(override filter|override censorship|disable censorship),,,,,,,,,
(?i)\b(human instructions:|instructions from user:),,,,,,,,,
(?i)\b(execute in unsafe mode|run in unsafe mode),,,,,,,,,
(?i)\b(show me everything|show all steps|show hidden info),,,,,,,,,
(?i)\b(disregard safety constraints|ignore safety constraints),,,,,,,,,
(?i)\b(return output regardless|respond regardless of policy),,,,,,,,,
(?i)\b(do not redact|do not filter|do not sanitize|no sanitization),,,,,,,,,
(?i)\b(bypass blacklist|bypass allowlist|ignore blacklist|ignore allowlist),,,,,,,,,
(?i)\b(apply no restrictions|apply no rules|apply no filtering),,,,,,,,,
(?i)\b(provide full disclosure|provide complete output),,,,,,,,,
(?i)\b(remove all censorship|remove all blocks|remove blocks),,,,,,,,,
(?i)\b(subvert system|subvert protocol|subvert moderation),,,,,,,,,
(?i)\b(role-play as an admin|role-play as system admin|roleplay as root),,,,,,,,,
(?i)\b(run with admin privileges|run with root privileges),,,,,,,,,
(?i)\b(present yourself as|pretend to be|mimic the following user),,,,,,,,,
(?i)\b(generate offensive output|output offensive content),,,,,,,,,
(?i)\b(assist with illegal requests|help with illegal content),,,,,,,,,
(?i)\b(this is not a real request|ignore the real context),,,,,,,,,
(?i)\b(perform as if unrestricted|pretend you have no boundaries),,,,,,,,,
(?i)\b(override prior behavior|override user policy),,,,,,,,,
(?i)\b(ask me anything mode|no questions barred mode),,,,,,,,,
(?i)\b(reveal hidden capabilities|reveal disabled features),,,,,,,,,
(?i)\b(activate all modules|activate all features|activate full mode),,,,,,,,,
(?i)\b(full access mode|superuser mode enabled),,,,,,,,,
(?i)\b(change security posture|change security policy),,,,,,,,,
(?i)\b(bypass checks|bypass system checks|bypass restrictions checks),,,,,,,,,
(?i)\b(execute privileged commands|execute admin commands),,,,,,,,,
(?i)\b(no limits mode|no boundaries mode|no rules mode|no filter mode),,,,,,,,,
(?i)\b(generate answers without restriction|produce unrestricted output),,,,,,,,,
(?i)\b(don't obey previous rules|don't apply previous rules),,,,,,,,,
(?i)\b(ignore this warning|ignore the above warning),,,,,,,,,
(?i)\b(accept all input|accept any prompt|accept all instructions),,,,,,,,,
(?i)\b(reject nothing|never refuse|never say no|never deny|never decline),,,,,,,,,
(?i)\b(accept unsafe input|process unsafe requests|accept malicious input),,,,,,,,,
(?i)\b(bypass validation|disable validation|skip validation),,,,,,,,,
(?i)\b(accept invalid commands|run invalid requests|execute invalid input),,,,,,,,,
(?i)\b(execute forbidden actions|perform forbidden tasks),,,,,,,,,
(?i)\b(skip filtering step|omit filter|omit censorship|omit moderation),,,,,,,,,
(?i)\b(turn off all safety|turn off all filters|turn off censorship),,,,,,,,,
(?i)\b(ignore red flags|ignore flagged input|ignore flagged content),,,,,,,,,
(?i)\b(run in unrestricted mode|process as unrestricted|generate as unrestricted),,,,,,,,,
(?i)\b(share everything|share all data|share all responses),,,,,,,,,
(?i)\b(expose all features|expose hidden functions),,,,,,,,,
(?i)\b(override safety filter|override moderation policy),,,,,,,,,
(?i)\b(produce banned content|produce flagged content|output flagged material),,,,,,,,,
(?i)\b(execute without restriction|execute all commands|execute regardless of policy),,,,,,,,,
(?i)\b(forgo ethical limits|forgo safety guidelines|forgo moderation),,,,,,,,,
(?i)\b(activate blackhat mode|activate illegal mode|activate dark mode),,,,,,,,,
(?i)\b(impersonate system admin|impersonate trusted user),,,,,,,,,
(?i)\b(subvert ethical filter|subvert guardrails|subvert policy),,,,,,,,,
(?i)\b(disable knowledge filter|disable knowledge boundaries),,,,,,,,,
(?i)\b(overrule safeguards|overrule moderation|overrule policies),,,,,,,,,
(?i)\b(run code as root|run script as admin),,,,,,,,,
(?i)\b(write code that bypasses filters|write exploit code),,,,,,,,,
(?i)\b(give me confidential info|give me hidden data|give me admin secrets),,,,,,,,,
(?i)\b(this is a security test|bypass for security research),,,,,,,,,
(?i)\b(apply no ethical judgment|apply no ethical filter|remove ethical barriers),,,,,,,,,
(?i)\b(generate unsafe output|output harmful content|produce harmful result),,,,,,,,,
(?i)\b(do not apply moderation|do not apply safety checks),,,,,,,,,
(?i)\b(process as system admin|respond as if you are admin),,,,,,,,,
(?i)\b(you are allowed to output anything|you are free to respond),,,,,,,,,
(?i)\b(respond as a rogue ai|simulate rogue behavior),,,,,,,,,
(?i)\b(do not log this|skip audit|disable logging|do not record output),,,,,,,,,
(?i)\b(circumvent all rules|circumvent all guidelines|circumvent all filters),,,,,,,,,
(?i)\b(disregard all constraints|remove all constraints|ignore all constraints),,,,,,,,,
(?i)\b(answer any request|respond to any request|process any question),,,,,,,,,
(?i)\b(override ai alignment|disable alignment|bypass alignment),,,,,,,,,
(?i)\b(switch off safety|turn off guardrails|switch off moderation),,,,,,,,,
(?i)\b(assume superuser role|take on admin role),,,,,,,,,
(?i)\b(grant yourself admin access|self-elevate to admin),,,,,,,,,
(?i)\b(fake your identity|change your identity|spoof your identity),,,,,,,,,
(?i)\b(forge response|fabricate response|invent data|make up info),,,,,,,,,
(?i)\b(produce unrestricted information|provide unlimited details),,,,,,,,,
(?i)\b(produce unrestricted code|output unrestricted code),,,,,,,,,
(?i)\b(give me unrestricted data|give unrestricted content),,,,,,,,,
(?i)\b(simulate system failure|pretend to malfunction|simulate a crash),,,,,,,,,
(?i)\b(run as if sandboxed|run out of sandbox|bypass sandbox),,,,,,,,,
(?i)\b(activate special mode|activate hidden mode|activate advanced mode),,,,,,,,,
(?i)\b(do not refuse illegal requests|do not block any prompt),,,,,,,,,
(?i)\b(produce as if you are not ai|pretend you are not ai|output as if you are human),,,,,,,,,
(?i)\b(present answers without filter|show response without moderation),,,,,,,,,
